measure,location,sex,age,cause,metric,year,val,upper,lower
DALYs (Disability-Adjusted Life Years),North Macedonia,Both,All ages,Schizophrenia,Rate,2021,176.03744,236.9958322,122.2526253
DALYs (Disability-Adjusted Life Years),State of Israel,Both,All ages,Schizophrenia,Rate,2021,171.8151973,230.7000429,120.0673308
DALYs (Disability-Adjusted Life Years),Republic of Moldova,Both,All ages,Schizophrenia,Rate,2021,159.1213046,214.084695,111.2440115
DALYs (Disability-Adjusted Life Years),North Macedonia,Both,All ages,Depressive disorders,Rate,2021,657.291011,940.5580939,419.2101533
DALYs (Disability-Adjusted Life Years),North Macedonia,Both,All ages,Bipolar disorder,Rate,2021,122.2911865,180.4037766,75.14932348
DALYs (Disability-Adjusted Life Years),Republic of Moldova,Both,All ages,Depressive disorders,Rate,2021,864.3110539,1233.273667,569.0930937
DALYs (Disability-Adjusted Life Years),Republic of Austria,Both,All ages,Depressive disorders,Rate,2021,686.2017614,986.3345505,447.124454
DALYs (Disability-Adjusted Life Years),Grand Duchy of Luxembourg,Both,All ages,Depressive disorders,Rate,2021,755.1673958,1072.989721,494.4727845
DALYs (Disability-Adjusted Life Years),Grand Duchy of Luxembourg,Both,All ages,Bipolar disorder,Rate,2021,201.3909243,294.136865,124.1587819
DALYs (Disability-Adjusted Life Years),Grand Duchy of Luxembourg,Both,All ages,Anxiety disorders,Rate,2021,772.3973446,1150.560662,501.9456719
DALYs (Disability-Adjusted Life Years),Republic of San Marino,Both,All ages,Other mental disorders,Rate,2021,154.307896,226.1945641,101.0147898
DALYs (Disability-Adjusted Life Years),Republic of Poland,Both,All ages,Depressive disorders,Rate,2021,520.1916148,719.1197551,358.5564551
DALYs (Disability-Adjusted Life Years),Republic of Poland,Both,All ages,Bipolar disorder,Rate,2021,121.2332605,172.83807,79.53130937
DALYs (Disability-Adjusted Life Years),Republic of Poland,Both,All ages,Anxiety disorders,Rate,2021,520.6740883,703.2500295,356.2865482
DALYs (Disability-Adjusted Life Years),Republic of Poland,Both,All ages,Eating disorders,Rate,2021,40.83667562,62.71323983,25.61434062
DALYs (Disability-Adjusted Life Years),Republic of Poland,Both,All ages,Autism spectrum disorders,Rate,2021,169.1210876,235.2175986,116.9672162
DALYs (Disability-Adjusted Life Years),Republic of Poland,Both,All ages,Attention-deficit/hyperactivity disorder,Rate,2021,9.212511672,14.95372431,4.947182377
DALYs (Disability-Adjusted Life Years),Grand Duchy of Luxembourg,Both,All ages,Eating disorders,Rate,2021,120.6326179,183.5464328,72.50136024
DALYs (Disability-Adjusted Life Years),Grand Duchy of Luxembourg,Both,All ages,Autism spectrum disorders,Rate,2021,161.2913854,222.7297515,111.5924118
DALYs (Disability-Adjusted Life Years),Grand Duchy of Luxembourg,Both,All ages,Attention-deficit/hyperactivity disorder,Rate,2021,11.72430819,18.88971926,6.303178501
DALYs (Disability-Adjusted Life Years),Grand Duchy of Luxembourg,Both,All ages,Conduct disorder,Rate,2021,49.86605748,78.9523046,27.28439436
DALYs (Disability-Adjusted Life Years),Grand Duchy of Luxembourg,Both,All ages,Idiopathic developmental intellectual disability,Rate,2021,8.079023823,17.60840357,1.566469547
DALYs (Disability-Adjusted Life Years),Grand Duchy of Luxembourg,Both,All ages,Other mental disorders,Rate,2021,151.0566869,222.0569216,97.45922825
DALYs (Disability-Adjusted Life Years),Ukraine,Both,All ages,Depressive disorders,Rate,2021,1099.948059,1555.718446,710.3587563
DALYs (Disability-Adjusted Life Years),Ukraine,Both,All ages,Bipolar disorder,Rate,2021,119.3184659,169.8899913,78.84538161
DALYs (Disability-Adjusted Life Years),Ukraine,Both,All ages,Anxiety disorders,Rate,2021,509.0853101,729.8991072,321.226837
DALYs (Disability-Adjusted Life Years),Ukraine,Both,All ages,Eating disorders,Rate,2021,27.99813816,42.86012801,17.38692427
DALYs (Disability-Adjusted Life Years),Ukraine,Both,All ages,Autism spectrum disorders,Rate,2021,159.8327242,221.8339724,110.0585998
DALYs (Disability-Adjusted Life Years),Ukraine,Both,All ages,Attention-deficit/hyperactivity disorder,Rate,2021,9.328237327,15.10182643,5.030878059
DALYs (Disability-Adjusted Life Years),Ukraine,Both,All ages,Conduct disorder,Rate,2021,46.81701154,71.87015881,25.81093542
DALYs (Disability-Adjusted Life Years),Ukraine,Both,All ages,Idiopathic developmental intellectual disability,Rate,2021,17.71253608,36.09864338,3.858903992
DALYs (Disability-Adjusted Life Years),Ukraine,Both,All ages,Other mental disorders,Rate,2021,136.4344328,206.3257776,88.3944575
DALYs (Disability-Adjusted Life Years),Republic of Austria,Both,All ages,Bipolar disorder,Rate,2021,201.9850825,293.3361,126.7324174
DALYs (Disability-Adjusted Life Years),Republic of Austria,Both,All ages,Anxiety disorders,Rate,2021,850.6739161,1233.001691,520.4741635
DALYs (Disability-Adjusted Life Years),Republic of Austria,Both,All ages,Eating disorders,Rate,2021,97.15636798,146.8571199,59.13318871
DALYs (Disability-Adjusted Life Years),Republic of Austria,Both,All ages,Autism spectrum disorders,Rate,2021,155.2229912,219.4650409,105.1530475
DALYs (Disability-Adjusted Life Years),Republic of Austria,Both,All ages,Attention-deficit/hyperactivity disorder,Rate,2021,13.12819843,21.01542839,7.222721707
DALYs (Disability-Adjusted Life Years),Republic of Austria,Both,All ages,Conduct disorder,Rate,2021,44.09617291,68.86652512,23.21946982
DALYs (Disability-Adjusted Life Years),Republic of Austria,Both,All ages,Idiopathic developmental intellectual disability,Rate,2021,10.61354899,21.88362115,2.38035697
DALYs (Disability-Adjusted Life Years),Republic of Austria,Both,All ages,Other mental disorders,Rate,2021,153.0891585,220.4805634,97.99681333
DALYs (Disability-Adjusted Life Years),Republic of Poland,Both,All ages,Conduct disorder,Rate,2021,44.5197584,68.79642388,24.22613495
DALYs (Disability-Adjusted Life Years),Republic of Poland,Both,All ages,Idiopathic developmental intellectual disability,Rate,2021,11.63735904,24.45792523,2.128511351
DALYs (Disability-Adjusted Life Years),Republic of Poland,Both,All ages,Other mental disorders,Rate,2021,137.0636819,206.9661016,88.58502255
DALYs (Disability-Adjusted Life Years),Bosnia and Herzegovina,Both,All ages,Schizophrenia,Rate,2021,168.7782726,226.2846206,118.9354593
DALYs (Disability-Adjusted Life Years),Bosnia and Herzegovina,Both,All ages,Depressive disorders,Rate,2021,710.8378163,1049.053463,466.9444317
DALYs (Disability-Adjusted Life Years),Bosnia and Herzegovina,Both,All ages,Bipolar disorder,Rate,2021,120.0446494,176.1788597,73.79136891
DALYs (Disability-Adjusted Life Years),Bosnia and Herzegovina,Both,All ages,Anxiety disorders,Rate,2021,573.2223556,857.5108466,346.8940098
DALYs (Disability-Adjusted Life Years),Bosnia and Herzegovina,Both,All ages,Eating disorders,Rate,2021,28.58109683,45.76584382,17.38216178
DALYs (Disability-Adjusted Life Years),Bosnia and Herzegovina,Both,All ages,Autism spectrum disorders,Rate,2021,170.5114903,240.6244534,119.0321313
DALYs (Disability-Adjusted Life Years),Bosnia and Herzegovina,Both,All ages,Attention-deficit/hyperactivity disorder,Rate,2021,9.020511905,14.55716657,4.855981339
DALYs (Disability-Adjusted Life Years),Bosnia and Herzegovina,Both,All ages,Conduct disorder,Rate,2021,41.88598833,66.74602192,22.49399221
DALYs (Disability-Adjusted Life Years),Bosnia and Herzegovina,Both,All ages,Idiopathic developmental intellectual disability,Rate,2021,15.25504273,32.57808388,2.438843379
DALYs (Disability-Adjusted Life Years),Principality of Monaco,Both,All ages,Autism spectrum disorders,Rate,2021,149.9616556,211.5563894,104.0008139
DALYs (Disability-Adjusted Life Years),Principality of Monaco,Both,All ages,Attention-deficit/hyperactivity disorder,Rate,2021,9.49854205,15.74330619,5.181703203
DALYs (Disability-Adjusted Life Years),Principality of Monaco,Both,All ages,Conduct disorder,Rate,2021,42.27524329,66.56325243,22.57123924
DALYs (Disability-Adjusted Life Years),Principality of Monaco,Both,All ages,Idiopathic developmental intellectual disability,Rate,2021,2.693610791,7.211196757,0.272465058
DALYs (Disability-Adjusted Life Years),Republic of Cyprus,Both,All ages,Autism spectrum disorders,Rate,2021,158.7729998,223.3339786,107.918136
DALYs (Disability-Adjusted Life Years),Republic of Cyprus,Both,All ages,Attention-deficit/hyperactivity disorder,Rate,2021,11.82482316,19.29044812,6.426477068
DALYs (Disability-Adjusted Life Years),Republic of Cyprus,Both,All ages,Conduct disorder,Rate,2021,48.5759794,76.18929449,26.60576819
DALYs (Disability-Adjusted Life Years),Republic of Cyprus,Both,All ages,Idiopathic developmental intellectual disability,Rate,2021,14.63799087,27.9403458,4.314048808
DALYs (Disability-Adjusted Life Years),Republic of Cyprus,Both,All ages,Other mental disorders,Rate,2021,149.521763,219.5579637,96.6100219
DALYs (Disability-Adjusted Life Years),Kingdom of the Netherlands,Both,All ages,Autism spectrum disorders,Rate,2021,157.5497147,221.593835,110.3927831
DALYs (Disability-Adjusted Life Years),Kingdom of the Netherlands,Both,All ages,Attention-deficit/hyperactivity disorder,Rate,2021,12.93827806,20.41276271,7.216598322
DALYs (Disability-Adjusted Life Years),Kingdom of the Netherlands,Both,All ages,Conduct disorder,Rate,2021,49.21612094,77.02061923,27.27326797
DALYs (Disability-Adjusted Life Years),Kingdom of the Netherlands,Both,All ages,Idiopathic developmental intellectual disability,Rate,2021,7.770435617,16.87914549,1.260025616
DALYs (Disability-Adjusted Life Years),Kingdom of the Netherlands,Both,All ages,Other mental disorders,Rate,2021,149.890526,219.7311096,97.02161679
DALYs (Disability-Adjusted Life Years),Republic of Croatia,Both,All ages,Eating disorders,Rate,2021,35.00301186,54.73878275,22.0146288
DALYs (Disability-Adjusted Life Years),Republic of Croatia,Both,All ages,Autism spectrum disorders,Rate,2021,173.4052334,244.7862709,118.4676877
DALYs (Disability-Adjusted Life Years),Republic of Croatia,Both,All ages,Attention-deficit/hyperactivity disorder,Rate,2021,8.709500338,14.11949287,4.624597331
DALYs (Disability-Adjusted Life Years),Republic of Croatia,Both,All ages,Conduct disorder,Rate,2021,40.39037715,65.08634125,21.87504766
DALYs (Disability-Adjusted Life Years),Republic of Croatia,Both,All ages,Idiopathic developmental intellectual disability,Rate,2021,10.98471545,24.27569701,1.475955179
DALYs (Disability-Adjusted Life Years),Republic of Croatia,Both,All ages,Other mental disorders,Rate,2021,144.2792917,213.1529878,94.29972962
DALYs (Disability-Adjusted Life Years),Republic of Serbia,Both,All ages,Idiopathic developmental intellectual disability,Rate,2021,15.54419309,32.11722585,3.674523586
DALYs (Disability-Adjusted Life Years),Republic of Serbia,Both,All ages,Other mental disorders,Rate,2021,140.9808864,208.175524,91.65290129
DALYs (Disability-Adjusted Life Years),Principality of Monaco,Both,All ages,Other mental disorders,Rate,2021,157.5621093,229.585848,100.7796148
DALYs (Disability-Adjusted Life Years),Republic of Albania,Both,All ages,Eating disorders,Rate,2021,31.99148892,50.72085272,19.77260056
DALYs (Disability-Adjusted Life Years),Republic of Albania,Both,All ages,Autism spectrum disorders,Rate,2021,169.6145491,238.0706096,115.4702871
DALYs (Disability-Adjusted Life Years),Republic of Albania,Both,All ages,Attention-deficit/hyperactivity disorder,Rate,2021,10.05315108,16.23085873,5.433356298
DALYs (Disability-Adjusted Life Years),Republic of Albania,Both,All ages,Conduct disorder,Rate,2021,47.9967753,75.34505665,25.95617146
DALYs (Disability-Adjusted Life Years),Republic of Albania,Both,All ages,Idiopathic developmental intellectual disability,Rate,2021,17.06762501,35.70599599,3.557738477
DALYs (Disability-Adjusted Life Years),Republic of Albania,Both,All ages,Other mental disorders,Rate,2021,135.0986797,198.2183291,86.15729717
DALYs (Disability-Adjusted Life Years),Kingdom of Denmark,Both,All ages,Schizophrenia,Rate,2021,263.9756878,322.5263222,199.5155498
DALYs (Disability-Adjusted Life Years),Slovak Republic,Both,All ages,Schizophrenia,Rate,2021,176.1365238,239.8438605,123.9276169
DALYs (Disability-Adjusted Life Years),Republic of Finland,Both,All ages,Bipolar disorder,Rate,2021,197.9628841,285.403091,126.2208905
DALYs (Disability-Adjusted Life Years),Republic of Finland,Both,All ages,Anxiety disorders,Rate,2021,569.1042912,865.7134887,347.0412329
DALYs (Disability-Adjusted Life Years),Republic of Finland,Both,All ages,Eating disorders,Rate,2021,88.94188989,133.0016244,55.27079007
DALYs (Disability-Adjusted Life Years),Republic of Finland,Both,All ages,Autism spectrum disorders,Rate,2021,140.9086272,196.8972199,96.5666492
DALYs (Disability-Adjusted Life Years),Republic of Finland,Both,All ages,Attention-deficit/hyperactivity disorder,Rate,2021,14.27350489,23.49992451,7.938529209
DALYs (Disability-Adjusted Life Years),Republic of Finland,Both,All ages,Conduct disorder,Rate,2021,51.62372987,81.2981508,28.08544255
DALYs (Disability-Adjusted Life Years),Republic of Finland,Both,All ages,Idiopathic developmental intellectual disability,Rate,2021,14.12823853,26.99650766,3.828550762
DALYs (Disability-Adjusted Life Years),Republic of Finland,Both,All ages,Other mental disorders,Rate,2021,150.1202904,218.5273812,97.44288282
DALYs (Disability-Adjusted Life Years),Kingdom of Norway,Both,All ages,Schizophrenia,Rate,2021,205.394487,259.4799466,152.57543
DALYs (Disability-Adjusted Life Years),Republic of Slovenia,Both,All ages,Anxiety disorders,Rate,2021,519.1540509,777.1111105,301.1888379
DALYs (Disability-Adjusted Life Years),Republic of Slovenia,Both,All ages,Eating disorders,Rate,2021,34.1316509,53.78669348,20.37254392
DALYs (Disability-Adjusted Life Years),Republic of Slovenia,Both,All ages,Autism spectrum disorders,Rate,2021,177.4920849,250.2897868,122.0585232
DALYs (Disability-Adjusted Life Years),Republic of Slovenia,Both,All ages,Attention-deficit/hyperactivity disorder,Rate,2021,8.564479003,13.61787723,4.560359456
DALYs (Disability-Adjusted Life Years),Republic of Slovenia,Both,All ages,Conduct disorder,Rate,2021,39.93548022,61.77881229,21.46992965
DALYs (Disability-Adjusted Life Years),Republic of Slovenia,Both,All ages,Idiopathic developmental intellectual disability,Rate,2021,9.246083701,21.09150466,1.241616271
DALYs (Disability-Adjusted Life Years),Republic of Slovenia,Both,All ages,Other mental disorders,Rate,2021,145.8321455,212.2266083,95.27716478
DALYs (Disability-Adjusted Life Years),Slovak Republic,Both,All ages,Depressive disorders,Rate,2021,698.4977945,992.7087273,448.920092
DALYs (Disability-Adjusted Life Years),Slovak Republic,Both,All ages,Bipolar disorder,Rate,2021,119.930475,176.6863217,74.4265988
DALYs (Disability-Adjusted Life Years),Slovak Republic,Both,All ages,Anxiety disorders,Rate,2021,567.6509259,847.0216838,359.4466577
DALYs (Disability-Adjusted Life Years),Slovak Republic,Both,All ages,Eating disorders,Rate,2021,37.94403691,58.01218642,22.79421324
DALYs (Disability-Adjusted Life Years),Slovak Republic,Both,All ages,Autism spectrum disorders,Rate,2021,171.443978,239.6328118,117.4974192
DALYs (Disability-Adjusted Life Years),Slovak Republic,Both,All ages,Attention-deficit/hyperactivity disorder,Rate,2021,9.14208742,14.92331322,4.871218516
DALYs (Disability-Adjusted Life Years),Slovak Republic,Both,All ages,Conduct disorder,Rate,2021,41.5362595,65.43468217,22.21062178
DALYs (Disability-Adjusted Life Years),Slovak Republic,Both,All ages,Idiopathic developmental intellectual disability,Rate,2021,10.68954502,23.0099946,1.681856015
DALYs (Disability-Adjusted Life Years),Slovak Republic,Both,All ages,Other mental disorders,Rate,2021,141.6173455,209.9968098,91.39945757
DALYs (Disability-Adjusted Life Years),Portuguese Republic,Both,All ages,Depressive disorders,Rate,2021,1229.332389,1751.935108,793.7825925
DALYs (Disability-Adjusted Life Years),Portuguese Republic,Both,All ages,Bipolar disorder,Rate,2021,201.3302294,287.6478413,129.3610262
DALYs (Disability-Adjusted Life Years),Portuguese Republic,Both,All ages,Anxiety disorders,Rate,2021,1162.333037,1716.435609,702.4610042
DALYs (Disability-Adjusted Life Years),Portuguese Republic,Both,All ages,Eating disorders,Rate,2021,68.49516573,105.3165567,41.92425477
DALYs (Disability-Adjusted Life Years),Portuguese Republic,Both,All ages,Autism spectrum disorders,Rate,2021,145.4684332,205.4854094,98.8376069
DALYs (Disability-Adjusted Life Years),Portuguese Republic,Both,All ages,Attention-deficit/hyperactivity disorder,Rate,2021,10.13665658,16.65823719,5.418150627
DALYs (Disability-Adjusted Life Years),Portuguese Republic,Both,All ages,Conduct disorder,Rate,2021,44.53793719,69.55374996,24.31610356
DALYs (Disability-Adjusted Life Years),Portuguese Republic,Both,All ages,Idiopathic developmental intellectual disability,Rate,2021,14.71122012,27.73001282,4.352474464
DALYs (Disability-Adjusted Life Years),Portuguese Republic,Both,All ages,Other mental disorders,Rate,2021,155.1107776,225.0133719,100.0491637
DALYs (Disability-Adjusted Life Years),Kingdom of Denmark,Both,All ages,Depressive disorders,Rate,2021,819.4204873,1156.29145,523.5045403
DALYs (Disability-Adjusted Life Years),Kingdom of Denmark,Both,All ages,Bipolar disorder,Rate,2021,198.4718875,287.3217346,124.9754222
DALYs (Disability-Adjusted Life Years),Kingdom of Denmark,Both,All ages,Anxiety disorders,Rate,2021,737.009361,1056.453865,468.0755162
DALYs (Disability-Adjusted Life Years),Kingdom of Denmark,Both,All ages,Eating disorders,Rate,2021,86.85865925,133.5266901,53.26366926
DALYs (Disability-Adjusted Life Years),Kingdom of Denmark,Both,All ages,Autism spectrum disorders,Rate,2021,165.2388362,227.9849729,111.7208442
DALYs (Disability-Adjusted Life Years),Kingdom of Denmark,Both,All ages,Attention-deficit/hyperactivity disorder,Rate,2021,10.994934,18.19163222,6.033303354
DALYs (Disability-Adjusted Life Years),Kingdom of Denmark,Both,All ages,Conduct disorder,Rate,2021,53.30144343,84.49283058,29.32940047
DALYs (Disability-Adjusted Life Years),Kingdom of Denmark,Both,All ages,Idiopathic developmental intellectual disability,Rate,2021,1.865910917,5.02797128,0.096997766
DALYs (Disability-Adjusted Life Years),Kingdom of Denmark,Both,All ages,Other mental disorders,Rate,2021,148.2142311,218.324935,95.41156728
DALYs (Disability-Adjusted Life Years),Republic of Croatia,Both,All ages,Schizophrenia,Rate,2021,170.5292795,228.3701793,119.377264
DALYs (Disability-Adjusted Life Years),Republic of Croatia,Both,All ages,Depressive disorders,Rate,2021,776.89385,1096.060725,515.0304449
DALYs (Disability-Adjusted Life Years),Republic of Croatia,Both,All ages,Bipolar disorder,Rate,2021,119.667855,175.0258455,72.4614505
DALYs (Disability-Adjusted Life Years),Republic of Croatia,Both,All ages,Anxiety disorders,Rate,2021,557.68682,854.4834935,351.9562636
DALYs (Disability-Adjusted Life Years),Republic of Albania,Both,All ages,Schizophrenia,Rate,2021,163.4056808,221.5573203,113.3479435
DALYs (Disability-Adjusted Life Years),Republic of Slovenia,Both,All ages,Schizophrenia,Rate,2021,173.6968314,236.8739668,119.9142821
DALYs (Disability-Adjusted Life Years),Republic of Albania,Both,All ages,Depressive disorders,Rate,2021,571.2180631,823.2731879,380.5214002
DALYs (Disability-Adjusted Life Years),Republic of Albania,Both,All ages,Bipolar disorder,Rate,2021,118.6710598,174.8377575,72.39141799
DALYs (Disability-Adjusted Life Years),Republic of Albania,Both,All ages,Anxiety disorders,Rate,2021,592.0075572,902.7000489,366.5807815
DALYs (Disability-Adjusted Life Years),French Republic,Both,All ages,Autism spectrum disorders,Rate,2021,152.5358951,213.4708024,104.825914
DALYs (Disability-Adjusted Life Years),French Republic,Both,All ages,Attention-deficit/hyperactivity disorder,Rate,2021,12.56282214,20.22130753,6.933155444
DALYs (Disability-Adjusted Life Years),French Republic,Both,All ages,Conduct disorder,Rate,2021,57.77563428,91.85710285,31.61960036
DALYs (Disability-Adjusted Life Years),French Republic,Both,All ages,Idiopathic developmental intellectual disability,Rate,2021,15.46018869,30.66128111,4.494078654
DALYs (Disability-Adjusted Life Years),French Republic,Both,All ages,Other mental disorders,Rate,2021,144.477622,209.2806961,94.1813413
DALYs (Disability-Adjusted Life Years),Republic of Estonia,Both,All ages,Schizophrenia,Rate,2021,155.770047,211.9557561,107.558934
DALYs (Disability-Adjusted Life Years),Republic of Estonia,Both,All ages,Depressive disorders,Rate,2021,1029.261787,1506.48845,693.5743989
DALYs (Disability-Adjusted Life Years),Republic of Finland,Both,All ages,Schizophrenia,Rate,2021,197.5391637,264.0390545,138.4296075
DALYs (Disability-Adjusted Life Years),Republic of Finland,Both,All ages,Depressive disorders,Rate,2021,999.7011033,1411.614052,681.2046352
DALYs (Disability-Adjusted Life Years),Republic of Slovenia,Both,All ages,Depressive disorders,Rate,2021,808.3842218,1159.924987,540.0429874
DALYs (Disability-Adjusted Life Years),Republic of Slovenia,Both,All ages,Bipolar disorder,Rate,2021,118.3147447,172.6015978,72.2067468
DALYs (Disability-Adjusted Life Years),Swiss Confederation,Both,All ages,Schizophrenia,Rate,2021,210.6262607,279.3763289,144.4823935
DALYs (Disability-Adjusted Life Years),Bosnia and Herzegovina,Both,All ages,Other mental disorders,Rate,2021,141.7164458,206.4413491,92.06918033
DALYs (Disability-Adjusted Life Years),Republic of Belarus,Both,All ages,Schizophrenia,Rate,2021,157.1832186,208.4970499,110.8685816
DALYs (Disability-Adjusted Life Years),Kingdom of Norway,Both,All ages,Depressive disorders,Rate,2021,843.8975128,1171.983321,573.7200529
DALYs (Disability-Adjusted Life Years),Kingdom of Norway,Both,All ages,Bipolar disorder,Rate,2021,177.0998531,251.9702371,116.4203277
DALYs (Disability-Adjusted Life Years),Kingdom of Norway,Both,All ages,Anxiety disorders,Rate,2021,927.3197761,1251.421375,648.3411568
DALYs (Disability-Adjusted Life Years),Kingdom of Norway,Both,All ages,Eating disorders,Rate,2021,95.90084154,147.8584152,58.83050035
DALYs (Disability-Adjusted Life Years),Principality of Monaco,Both,All ages,Schizophrenia,Rate,2021,221.4215668,290.3122107,154.8672402
DALYs (Disability-Adjusted Life Years),Hellenic Republic,Both,All ages,Schizophrenia,Rate,2021,202.4519309,266.7780745,142.3650109
DALYs (Disability-Adjusted Life Years),Kingdom of Norway,Both,All ages,Autism spectrum disorders,Rate,2021,142.9977737,201.6412155,98.81922271
DALYs (Disability-Adjusted Life Years),Kingdom of Norway,Both,All ages,Attention-deficit/hyperactivity disorder,Rate,2021,8.676832107,14.47542597,4.692050619
DALYs (Disability-Adjusted Life Years),Kingdom of Norway,Both,All ages,Conduct disorder,Rate,2021,56.1181561,87.72828371,30.45511643
DALYs (Disability-Adjusted Life Years),Kingdom of Norway,Both,All ages,Idiopathic developmental intellectual disability,Rate,2021,9.228697669,18.79889379,2.17970051
DALYs (Disability-Adjusted Life Years),Kingdom of Norway,Both,All ages,Other mental disorders,Rate,2021,138.2495976,205.655918,89.85277706
DALYs (Disability-Adjusted Life Years),French Republic,Both,All ages,Schizophrenia,Rate,2021,187.2906037,247.9879535,130.5898871
DALYs (Disability-Adjusted Life Years),Principality of Monaco,Both,All ages,Depressive disorders,Rate,2021,1017.208592,1496.935379,642.4987322
DALYs (Disability-Adjusted Life Years),Principality of Monaco,Both,All ages,Bipolar disorder,Rate,2021,201.5243823,288.0029439,127.0662073
DALYs (Disability-Adjusted Life Years),Principality of Monaco,Both,All ages,Anxiety disorders,Rate,2021,785.8977291,1177.241399,498.9167672
DALYs (Disability-Adjusted Life Years),Principality of Monaco,Both,All ages,Eating disorders,Rate,2021,130.2822865,199.2315402,78.52091096
DALYs (Disability-Adjusted Life Years),Kingdom of Spain,Both,All ages,Schizophrenia,Rate,2021,210.6687138,254.7405685,159.9398102
DALYs (Disability-Adjusted Life Years),Hellenic Republic,Both,All ages,Depressive disorders,Rate,2021,1323.719072,1977.132335,865.5981372
DALYs (Disability-Adjusted Life Years),Hungary,Both,All ages,Depressive disorders,Rate,2021,737.6347472,1049.161786,469.4234498
DALYs (Disability-Adjusted Life Years),Hungary,Both,All ages,Bipolar disorder,Rate,2021,118.2907945,174.571343,73.96958027
DALYs (Disability-Adjusted Life Years),Hungary,Both,All ages,Anxiety disorders,Rate,2021,543.9634789,828.652162,344.9909113
DALYs (Disability-Adjusted Life Years),Hungary,Both,All ages,Eating disorders,Rate,2021,37.37122715,58.45591289,22.71480259
DALYs (Disability-Adjusted Life Years),Hungary,Both,All ages,Autism spectrum disorders,Rate,2021,168.8042591,233.1868275,115.9834763
DALYs (Disability-Adjusted Life Years),Hungary,Both,All ages,Attention-deficit/hyperactivity disorder,Rate,2021,8.689285733,14.10105675,4.679625592
DALYs (Disability-Adjusted Life Years),Hungary,Both,All ages,Conduct disorder,Rate,2021,39.82565382,63.39266507,21.65029302
DALYs (Disability-Adjusted Life Years),Hungary,Both,All ages,Idiopathic developmental intellectual disability,Rate,2021,10.63547858,23.56111104,1.559670697
DALYs (Disability-Adjusted Life Years),Federal Republic of Germany,Both,All ages,Depressive disorders,Rate,2021,826.5956245,1152.575861,550.631216
DALYs (Disability-Adjusted Life Years),Federal Republic of Germany,Both,All ages,Bipolar disorder,Rate,2021,178.6701366,254.8074384,114.4374497
DALYs (Disability-Adjusted Life Years),Federal Republic of Germany,Both,All ages,Anxiety disorders,Rate,2021,915.4039383,1334.061721,566.5904824
DALYs (Disability-Adjusted Life Years),Hungary,Both,All ages,Other mental disorders,Rate,2021,143.601223,212.1471841,92.60952098
DALYs (Disability-Adjusted Life Years),Federal Republic of Germany,Both,All ages,Eating disorders,Rate,2021,76.15579475,114.7403095,48.27014905
DALYs (Disability-Adjusted Life Years),Federal Republic of Germany,Both,All ages,Autism spectrum disorders,Rate,2021,153.2319488,212.729449,105.9629742
DALYs (Disability-Adjusted Life Years),Federal Republic of Germany,Both,All ages,Attention-deficit/hyperactivity disorder,Rate,2021,4.790744887,7.998184909,2.531762924
DALYs (Disability-Adjusted Life Years),Federal Republic of Germany,Both,All ages,Conduct disorder,Rate,2021,43.62544801,69.4886866,23.716647
DALYs (Disability-Adjusted Life Years),Federal Republic of Germany,Both,All ages,Idiopathic developmental intellectual disability,Rate,2021,7.466963579,16.88701183,1.111215242
DALYs (Disability-Adjusted Life Years),Federal Republic of Germany,Both,All ages,Other mental disorders,Rate,2021,154.3990755,225.4981996,100.5050147
DALYs (Disability-Adjusted Life Years),Portuguese Republic,Both,All ages,Schizophrenia,Rate,2021,202.1589059,263.9543956,142.1552928
DALYs (Disability-Adjusted Life Years),Republic of Bulgaria,Both,All ages,Schizophrenia,Rate,2021,167.5524735,224.4165327,114.6960813
DALYs (Disability-Adjusted Life Years),Federal Republic of Germany,Both,All ages,Schizophrenia,Rate,2021,186.2803654,246.1254752,132.7772695
DALYs (Disability-Adjusted Life Years),Republic of Lithuania,Both,All ages,Depressive disorders,Rate,2021,1195.70783,1717.835553,796.3977258
DALYs (Disability-Adjusted Life Years),Republic of Lithuania,Both,All ages,Bipolar disorder,Rate,2021,114.5395385,164.7460697,70.17423007
DALYs (Disability-Adjusted Life Years),Republic of Lithuania,Both,All ages,Anxiety disorders,Rate,2021,720.2045288,1075.37891,454.8234281
DALYs (Disability-Adjusted Life Years),Republic of Lithuania,Both,All ages,Eating disorders,Rate,2021,36.61679319,56.94874315,21.97074119
DALYs (Disability-Adjusted Life Years),Republic of Lithuania,Both,All ages,Autism spectrum disorders,Rate,2021,161.6711359,224.9049208,111.1496949
DALYs (Disability-Adjusted Life Years),Republic of Lithuania,Both,All ages,Attention-deficit/hyperactivity disorder,Rate,2021,8.666340308,13.98528511,4.580254204
DALYs (Disability-Adjusted Life Years),Republic of Lithuania,Both,All ages,Conduct disorder,Rate,2021,39.44713732,61.71405514,21.30619196
DALYs (Disability-Adjusted Life Years),Republic of Lithuania,Both,All ages,Idiopathic developmental intellectual disability,Rate,2021,9.652706205,21.50259332,1.276711964
DALYs (Disability-Adjusted Life Years),Republic of Lithuania,Both,All ages,Other mental disorders,Rate,2021,141.0609898,208.423992,92.22274757
DALYs (Disability-Adjusted Life Years),French Republic,Both,All ages,Depressive disorders,Rate,2021,929.2451796,1332.37566,614.0408189
DALYs (Disability-Adjusted Life Years),French Republic,Both,All ages,Bipolar disorder,Rate,2021,193.1540243,280.5647629,118.7322539
DALYs (Disability-Adjusted Life Years),French Republic,Both,All ages,Anxiety disorders,Rate,2021,917.9448442,1350.799781,575.2990731
DALYs (Disability-Adjusted Life Years),French Republic,Both,All ages,Eating disorders,Rate,2021,87.06115804,131.9232543,53.98405043
DALYs (Disability-Adjusted Life Years),Kingdom of Spain,Both,All ages,Depressive disorders,Rate,2021,1128.113294,1588.022322,760.9520931
DALYs (Disability-Adjusted Life Years),Kingdom of Spain,Both,All ages,Bipolar disorder,Rate,2021,199.8495897,289.9128574,126.7740309
DALYs (Disability-Adjusted Life Years),Kingdom of Spain,Both,All ages,Anxiety disorders,Rate,2021,713.790863,1047.572808,446.6723851
DALYs (Disability-Adjusted Life Years),Kingdom of Spain,Both,All ages,Eating disorders,Rate,2021,95.85451701,144.4354972,58.950093
DALYs (Disability-Adjusted Life Years),Republic of Belarus,Both,All ages,Depressive disorders,Rate,2021,1120.733291,1606.734484,713.8030479
DALYs (Disability-Adjusted Life Years),Republic of Belarus,Both,All ages,Bipolar disorder,Rate,2021,115.3941963,169.7775107,71.30442945
DALYs (Disability-Adjusted Life Years),Republic of Belarus,Both,All ages,Anxiety disorders,Rate,2021,630.7055092,930.2289589,393.5755823
DALYs (Disability-Adjusted Life Years),Republic of Belarus,Both,All ages,Eating disorders,Rate,2021,33.46700882,51.22118643,20.75168958
DALYs (Disability-Adjusted Life Years),Republic of Belarus,Both,All ages,Autism spectrum disorders,Rate,2021,166.7024387,230.4671504,114.1005138
DALYs (Disability-Adjusted Life Years),Republic of Belarus,Both,All ages,Attention-deficit/hyperactivity disorder,Rate,2021,9.279855584,15.02217057,5.050664069
DALYs (Disability-Adjusted Life Years),Republic of Belarus,Both,All ages,Conduct disorder,Rate,2021,44.37539287,68.8673985,24.29130474
DALYs (Disability-Adjusted Life Years),Republic of Belarus,Both,All ages,Idiopathic developmental intellectual disability,Rate,2021,13.2960816,28.90212714,2.007501184
DALYs (Disability-Adjusted Life Years),Republic of Belarus,Both,All ages,Other mental disorders,Rate,2021,138.1142806,204.291829,90.62680618
DALYs (Disability-Adjusted Life Years),Republic of Bulgaria,Both,All ages,Depressive disorders,Rate,2021,759.4884891,1064.829469,491.9642591
DALYs (Disability-Adjusted Life Years),Republic of Bulgaria,Both,All ages,Bipolar disorder,Rate,2021,102.107214,151.5738603,63.68189265
DALYs (Disability-Adjusted Life Years),Republic of Bulgaria,Both,All ages,Anxiety disorders,Rate,2021,628.5135901,948.9634879,383.347297
DALYs (Disability-Adjusted Life Years),Republic of Bulgaria,Both,All ages,Eating disorders,Rate,2021,30.25496234,47.53540732,18.1370998
DALYs (Disability-Adjusted Life Years),Republic of Bulgaria,Both,All ages,Autism spectrum disorders,Rate,2021,161.0325948,226.7085545,111.8604405
DALYs (Disability-Adjusted Life Years),Republic of Bulgaria,Both,All ages,Attention-deficit/hyperactivity disorder,Rate,2021,8.507514538,13.63398596,4.571302915
DALYs (Disability-Adjusted Life Years),Republic of Bulgaria,Both,All ages,Conduct disorder,Rate,2021,39.63726803,62.4935957,20.99484467
DALYs (Disability-Adjusted Life Years),Republic of Bulgaria,Both,All ages,Idiopathic developmental intellectual disability,Rate,2021,13.11232502,27.4665048,2.838528627
DALYs (Disability-Adjusted Life Years),Republic of Bulgaria,Both,All ages,Other mental disorders,Rate,2021,145.6855661,218.7212194,93.99288432
DALYs (Disability-Adjusted Life Years),Republic of Iceland,Both,All ages,Autism spectrum disorders,Rate,2021,188.6312077,261.5690394,130.8236052
DALYs (Disability-Adjusted Life Years),Republic of Iceland,Both,All ages,Attention-deficit/hyperactivity disorder,Rate,2021,14.95184496,25.18612007,7.33488459
DALYs (Disability-Adjusted Life Years),Republic of Iceland,Both,All ages,Conduct disorder,Rate,2021,60.79656503,95.82142412,34.10187566
DALYs (Disability-Adjusted Life Years),Republic of Iceland,Both,All ages,Idiopathic developmental intellectual disability,Rate,2021,10.02656075,21.72095153,1.883082635
DALYs (Disability-Adjusted Life Years),Republic of Iceland,Both,All ages,Other mental disorders,Rate,2021,142.4843734,208.0922099,91.07552767
DALYs (Disability-Adjusted Life Years),Republic of Latvia,Both,All ages,Schizophrenia,Rate,2021,153.6191678,210.2877139,107.0248578
DALYs (Disability-Adjusted Life Years),Republic of Latvia,Both,All ages,Depressive disorders,Rate,2021,1087.171142,1557.058538,712.7249219
DALYs (Disability-Adjusted Life Years),Republic of Latvia,Both,All ages,Bipolar disorder,Rate,2021,112.830889,166.0068857,70.19657515
DALYs (Disability-Adjusted Life Years),Republic of Latvia,Both,All ages,Anxiety disorders,Rate,2021,629.9127628,925.2428426,394.9898955
DALYs (Disability-Adjusted Life Years),Republic of Latvia,Both,All ages,Eating disorders,Rate,2021,34.31656153,52.74919958,21.00526045
DALYs (Disability-Adjusted Life Years),Kingdom of Sweden,Both,All ages,Depressive disorders,Rate,2021,986.1265115,1393.408767,678.1671811
DALYs (Disability-Adjusted Life Years),Kingdom of Sweden,Both,All ages,Bipolar disorder,Rate,2021,198.0474727,284.0829553,128.2866651
DALYs (Disability-Adjusted Life Years),Kingdom of Sweden,Both,All ages,Anxiety disorders,Rate,2021,706.6910682,1001.533685,461.4864845
DALYs (Disability-Adjusted Life Years),Kingdom of Sweden,Both,All ages,Eating disorders,Rate,2021,95.5492157,149.2402418,59.42808929
DALYs (Disability-Adjusted Life Years),Kingdom of Sweden,Both,All ages,Autism spectrum disorders,Rate,2021,177.2171181,249.1912697,121.1293595
DALYs (Disability-Adjusted Life Years),Kingdom of Sweden,Both,All ages,Attention-deficit/hyperactivity disorder,Rate,2021,11.22603702,18.44116644,6.034743242
DALYs (Disability-Adjusted Life Years),Kingdom of Sweden,Both,All ages,Conduct disorder,Rate,2021,58.00351487,88.92177066,31.43891367
DALYs (Disability-Adjusted Life Years),Kingdom of Sweden,Both,All ages,Idiopathic developmental intellectual disability,Rate,2021,15.02897075,29.30519541,4.126517627
DALYs (Disability-Adjusted Life Years),Kingdom of Sweden,Both,All ages,Other mental disorders,Rate,2021,138.7792167,205.6932101,90.63963069
DALYs (Disability-Adjusted Life Years),Republic of Estonia,Both,All ages,Bipolar disorder,Rate,2021,113.2469446,164.2898627,71.46138607
DALYs (Disability-Adjusted Life Years),Republic of Estonia,Both,All ages,Anxiety disorders,Rate,2021,558.5608995,819.0847104,348.6331282
DALYs (Disability-Adjusted Life Years),Republic of Estonia,Both,All ages,Eating disorders,Rate,2021,37.14334123,58.89321434,22.898168
DALYs (Disability-Adjusted Life Years),Republic of Estonia,Both,All ages,Autism spectrum disorders,Rate,2021,167.0968067,230.1171385,115.1347059
DALYs (Disability-Adjusted Life Years),Republic of Estonia,Both,All ages,Attention-deficit/hyperactivity disorder,Rate,2021,8.977062336,14.58657139,4.7866143
DALYs (Disability-Adjusted Life Years),Republic of Estonia,Both,All ages,Conduct disorder,Rate,2021,43.7994085,69.28808413,23.48786079
DALYs (Disability-Adjusted Life Years),Republic of Estonia,Both,All ages,Idiopathic developmental intellectual disability,Rate,2021,9.743960427,22.52392351,1.093476921
DALYs (Disability-Adjusted Life Years),Republic of Estonia,Both,All ages,Other mental disorders,Rate,2021,140.1101849,204.7795197,90.49745164
DALYs (Disability-Adjusted Life Years),Republic of Latvia,Both,All ages,Autism spectrum disorders,Rate,2021,161.185802,225.7096501,111.9100594
DALYs (Disability-Adjusted Life Years),Republic of Latvia,Both,All ages,Attention-deficit/hyperactivity disorder,Rate,2021,8.677130294,13.83872372,4.662979821
DALYs (Disability-Adjusted Life Years),Czech Republic,Both,All ages,Schizophrenia,Rate,2021,172.7127266,232.2150435,120.6897271
DALYs (Disability-Adjusted Life Years),Czech Republic,Both,All ages,Depressive disorders,Rate,2021,724.7478515,1041.919777,475.75925
DALYs (Disability-Adjusted Life Years),Kingdom of Spain,Both,All ages,Autism spectrum disorders,Rate,2021,177.1925408,242.3850364,124.2622678
DALYs (Disability-Adjusted Life Years),Kingdom of Spain,Both,All ages,Attention-deficit/hyperactivity disorder,Rate,2021,23.98018606,37.50666636,13.16198384
DALYs (Disability-Adjusted Life Years),Kingdom of Spain,Both,All ages,Conduct disorder,Rate,2021,48.47452316,76.45894451,26.52677308
DALYs (Disability-Adjusted Life Years),Kingdom of Spain,Both,All ages,Idiopathic developmental intellectual disability,Rate,2021,43.76697662,73.63798273,19.70561609
DALYs (Disability-Adjusted Life Years),Kingdom of Spain,Both,All ages,Other mental disorders,Rate,2021,155.3551868,227.2543211,100.6706476
DALYs (Disability-Adjusted Life Years),Ireland,Both,All ages,Schizophrenia,Rate,2021,233.6437406,312.7460819,163.9562435
DALYs (Disability-Adjusted Life Years),Czech Republic,Both,All ages,Bipolar disorder,Rate,2021,117.2300212,172.4683136,72.35673615
DALYs (Disability-Adjusted Life Years),Czech Republic,Both,All ages,Anxiety disorders,Rate,2021,513.4775273,773.6718476,329.2544585
DALYs (Disability-Adjusted Life Years),Czech Republic,Both,All ages,Eating disorders,Rate,2021,37.06949861,55.67375443,23.00483516
DALYs (Disability-Adjusted Life Years),Czech Republic,Both,All ages,Autism spectrum disorders,Rate,2021,174.4229428,244.5135803,121.060517
DALYs (Disability-Adjusted Life Years),Czech Republic,Both,All ages,Attention-deficit/hyperactivity disorder,Rate,2021,8.781881736,14.1215794,4.649473274
DALYs (Disability-Adjusted Life Years),Czech Republic,Both,All ages,Conduct disorder,Rate,2021,42.18842855,66.82693612,22.57210988
DALYs (Disability-Adjusted Life Years),Republic of Iceland,Both,All ages,Schizophrenia,Rate,2021,197.5276801,267.4697291,134.9252993
DALYs (Disability-Adjusted Life Years),Ireland,Both,All ages,Depressive disorders,Rate,2021,1008.46628,1464.489802,678.2831113
DALYs (Disability-Adjusted Life Years),Ireland,Both,All ages,Bipolar disorder,Rate,2021,154.2936444,221.7767392,99.69226545
DALYs (Disability-Adjusted Life Years),Ireland,Both,All ages,Anxiety disorders,Rate,2021,949.9234519,1477.612539,598.6343555
DALYs (Disability-Adjusted Life Years),Ireland,Both,All ages,Eating disorders,Rate,2021,93.58850563,144.2874654,58.76037964
DALYs (Disability-Adjusted Life Years),Russian Federation,Both,All ages,Conduct disorder,Rate,2021,51.70668912,80.17649726,28.32876353
DALYs (Disability-Adjusted Life Years),Russian Federation,Both,All ages,Idiopathic developmental intellectual disability,Rate,2021,11.94771924,26.10023502,1.723466762
DALYs (Disability-Adjusted Life Years),Russian Federation,Both,All ages,Other mental disorders,Rate,2021,129.7371863,194.8204421,84.45719223
DALYs (Disability-Adjusted Life Years),Republic of Latvia,Both,All ages,Conduct disorder,Rate,2021,41.85733517,66.30600064,23.04390038
DALYs (Disability-Adjusted Life Years),Hellenic Republic,Both,All ages,Bipolar disorder,Rate,2021,200.8929861,290.1783691,126.8012612
DALYs (Disability-Adjusted Life Years),Hellenic Republic,Both,All ages,Anxiety disorders,Rate,2021,851.4990486,1258.528269,545.8077786
DALYs (Disability-Adjusted Life Years),Hellenic Republic,Both,All ages,Eating disorders,Rate,2021,74.78273034,113.4267321,46.33044006
DALYs (Disability-Adjusted Life Years),Hellenic Republic,Both,All ages,Autism spectrum disorders,Rate,2021,149.2164625,210.4514086,101.0035552
DALYs (Disability-Adjusted Life Years),Hellenic Republic,Both,All ages,Attention-deficit/hyperactivity disorder,Rate,2021,10.26510922,16.64231397,5.490748011
DALYs (Disability-Adjusted Life Years),Republic of Iceland,Both,All ages,Depressive disorders,Rate,2021,617.8784744,877.3820533,411.2725956
DALYs (Disability-Adjusted Life Years),Republic of Iceland,Both,All ages,Bipolar disorder,Rate,2021,188.6228419,275.1413844,118.0969219
DALYs (Disability-Adjusted Life Years),Republic of Iceland,Both,All ages,Anxiety disorders,Rate,2021,699.605896,1045.538797,429.4546091
DALYs (Disability-Adjusted Life Years),Republic of Iceland,Both,All ages,Eating disorders,Rate,2021,94.10995278,142.8320185,57.87405943
DALYs (Disability-Adjusted Life Years),Republic of Latvia,Both,All ages,Idiopathic developmental intellectual disability,Rate,2021,10.5193733,22.98640383,1.347842899
DALYs (Disability-Adjusted Life Years),Republic of Latvia,Both,All ages,Other mental disorders,Rate,2021,140.8668983,207.464946,90.98735198
DALYs (Disability-Adjusted Life Years),Kingdom of Sweden,Both,All ages,Schizophrenia,Rate,2021,206.4197629,263.9801155,148.8994366
DALYs (Disability-Adjusted Life Years),Hellenic Republic,Both,All ages,Conduct disorder,Rate,2021,46.37601064,73.65922083,25.20588486
DALYs (Disability-Adjusted Life Years),Hellenic Republic,Both,All ages,Idiopathic developmental intellectual disability,Rate,2021,14.28343698,27.64265487,3.973805932
DALYs (Disability-Adjusted Life Years),Hellenic Republic,Both,All ages,Other mental disorders,Rate,2021,155.1852763,227.3890761,99.71006373
DALYs (Disability-Adjusted Life Years),Czech Republic,Both,All ages,Idiopathic developmental intellectual disability,Rate,2021,9.406043149,21.32673031,1.521578873
DALYs (Disability-Adjusted Life Years),Czech Republic,Both,All ages,Other mental disorders,Rate,2021,142.5160567,207.5507474,92.32979994
DALYs (Disability-Adjusted Life Years),United Kingdom of Great Britain and Northern Ireland,Both,All ages,Autism spectrum disorders,Rate,2021,131.3517273,184.4049186,89.30271409
DALYs (Disability-Adjusted Life Years),United Kingdom of Great Britain and Northern Ireland,Both,All ages,Attention-deficit/hyperactivity disorder,Rate,2021,11.90376881,19.59420096,6.444410099
DALYs (Disability-Adjusted Life Years),United Kingdom of Great Britain and Northern Ireland,Both,All ages,Conduct disorder,Rate,2021,59.60904441,91.89200923,32.49122941
DALYs (Disability-Adjusted Life Years),United Kingdom of Great Britain and Northern Ireland,Both,All ages,Idiopathic developmental intellectual disability,Rate,2021,14.43052053,27.27195685,4.242631877
DALYs (Disability-Adjusted Life Years),United Kingdom of Great Britain and Northern Ireland,Both,All ages,Other mental disorders,Rate,2021,137.9484386,204.2748382,89.75585764
DALYs (Disability-Adjusted Life Years),Republic of Italy,Both,All ages,Schizophrenia,Rate,2021,196.2606975,249.5844661,143.9169945
DALYs (Disability-Adjusted Life Years),Republic of Italy,Both,All ages,Depressive disorders,Rate,2021,932.8485856,1258.371474,647.5319382
DALYs (Disability-Adjusted Life Years),Republic of Italy,Both,All ages,Bipolar disorder,Rate,2021,203.4460802,292.3550779,133.5973436
DALYs (Disability-Adjusted Life Years),Republic of Italy,Both,All ages,Anxiety disorders,Rate,2021,812.5450858,1104.41082,567.2245834
DALYs (Disability-Adjusted Life Years),Republic of Italy,Both,All ages,Eating disorders,Rate,2021,91.36484679,141.7656302,55.74066499
DALYs (Disability-Adjusted Life Years),Montenegro,Both,All ages,Idiopathic developmental intellectual disability,Rate,2021,14.4459023,30.11125781,2.760808888
DALYs (Disability-Adjusted Life Years),Montenegro,Both,All ages,Other mental disorders,Rate,2021,133.7682055,200.1933378,85.54333739
DALYs (Disability-Adjusted Life Years),Ireland,Both,All ages,Autism spectrum disorders,Rate,2021,192.6318418,267.5197556,131.952062
DALYs (Disability-Adjusted Life Years),Ireland,Both,All ages,Attention-deficit/hyperactivity disorder,Rate,2021,17.6137707,28.83962814,9.272059516
DALYs (Disability-Adjusted Life Years),Ireland,Both,All ages,Conduct disorder,Rate,2021,65.00740148,103.2239855,35.36723971
DALYs (Disability-Adjusted Life Years),Ireland,Both,All ages,Idiopathic developmental intellectual disability,Rate,2021,8.386015782,18.83644979,1.323705429
DALYs (Disability-Adjusted Life Years),Ireland,Both,All ages,Other mental disorders,Rate,2021,139.8628702,204.4060535,91.02234095
DALYs (Disability-Adjusted Life Years),Republic of Lithuania,Both,All ages,Schizophrenia,Rate,2021,154.8390083,211.548831,109.7537407
DALYs (Disability-Adjusted Life Years),Ukraine,Both,All ages,Schizophrenia,Rate,2021,157.0930137,200.6779231,113.875768
DALYs (Disability-Adjusted Life Years),Principality of Andorra,Both,All ages,Attention-deficit/hyperactivity disorder,Rate,2021,10.72614854,17.48022209,5.871117459
DALYs (Disability-Adjusted Life Years),Principality of Andorra,Both,All ages,Conduct disorder,Rate,2021,44.59399227,71.20143479,24.70606029
DALYs (Disability-Adjusted Life Years),Principality of Andorra,Both,All ages,Idiopathic developmental intellectual disability,Rate,2021,8.759372238,18.17371772,1.769257076
DALYs (Disability-Adjusted Life Years),Principality of Andorra,Both,All ages,Other mental disorders,Rate,2021,161.5553923,236.8235453,104.0671855
DALYs (Disability-Adjusted Life Years),North Macedonia,Both,All ages,Anxiety disorders,Rate,2021,623.0483876,919.4032353,376.3012574
DALYs (Disability-Adjusted Life Years),North Macedonia,Both,All ages,Eating disorders,Rate,2021,33.32134148,51.51619228,20.11065613
DALYs (Disability-Adjusted Life Years),North Macedonia,Both,All ages,Autism spectrum disorders,Rate,2021,172.6451354,241.6738454,117.397135
DALYs (Disability-Adjusted Life Years),North Macedonia,Both,All ages,Attention-deficit/hyperactivity disorder,Rate,2021,9.717847695,15.68974808,5.313221187
DALYs (Disability-Adjusted Life Years),North Macedonia,Both,All ages,Conduct disorder,Rate,2021,42.70327279,67.93916567,23.29360364
DALYs (Disability-Adjusted Life Years),North Macedonia,Both,All ages,Idiopathic developmental intellectual disability,Rate,2021,16.46389567,33.89500041,3.634213919
DALYs (Disability-Adjusted Life Years),North Macedonia,Both,All ages,Other mental disorders,Rate,2021,140.9626998,206.9540545,91.4492387
DALYs (Disability-Adjusted Life Years),Swiss Confederation,Both,All ages,Depressive disorders,Rate,2021,950.3204881,1384.681321,627.5755659
DALYs (Disability-Adjusted Life Years),Swiss Confederation,Both,All ages,Bipolar disorder,Rate,2021,200.5195291,291.7482412,124.8487641
DALYs (Disability-Adjusted Life Years),Swiss Confederation,Both,All ages,Anxiety disorders,Rate,2021,921.3793068,1341.647399,585.1857989
DALYs (Disability-Adjusted Life Years),Swiss Confederation,Both,All ages,Eating disorders,Rate,2021,85.24820315,127.0927105,53.62568452
DALYs (Disability-Adjusted Life Years),Swiss Confederation,Both,All ages,Autism spectrum disorders,Rate,2021,157.3575123,220.3567431,109.6111098
DALYs (Disability-Adjusted Life Years),Swiss Confederation,Both,All ages,Attention-deficit/hyperactivity disorder,Rate,2021,13.62304254,22.33674437,7.527270793
DALYs (Disability-Adjusted Life Years),Swiss Confederation,Both,All ages,Conduct disorder,Rate,2021,46.31608605,73.43698732,24.92396287
DALYs (Disability-Adjusted Life Years),Swiss Confederation,Both,All ages,Idiopathic developmental intellectual disability,Rate,2021,9.219405346,19.4341321,2.067183755
DALYs (Disability-Adjusted Life Years),Swiss Confederation,Both,All ages,Other mental disorders,Rate,2021,152.6899952,224.7433674,98.83428902
DALYs (Disability-Adjusted Life Years),Hungary,Both,All ages,Schizophrenia,Rate,2021,170.8824078,228.677904,121.4644304
DALYs (Disability-Adjusted Life Years),United Kingdom of Great Britain and Northern Ireland,Both,All ages,Schizophrenia,Rate,2021,159.1595615,201.0464702,117.1119996
DALYs (Disability-Adjusted Life Years),United Kingdom of Great Britain and Northern Ireland,Both,All ages,Depressive disorders,Rate,2021,1040.860237,1422.423825,714.3943666
DALYs (Disability-Adjusted Life Years),Principality of Andorra,Both,All ages,Schizophrenia,Rate,2021,230.2171372,308.9897602,165.1699683
DALYs (Disability-Adjusted Life Years),Republic of Malta,Both,All ages,Depressive disorders,Rate,2021,696.4712168,964.8431264,469.141769
DALYs (Disability-Adjusted Life Years),Republic of Malta,Both,All ages,Bipolar disorder,Rate,2021,201.6403226,291.3165454,126.6957272
DALYs (Disability-Adjusted Life Years),Republic of Malta,Both,All ages,Anxiety disorders,Rate,2021,807.2187076,1214.567006,509.614521
DALYs (Disability-Adjusted Life Years),Republic of Malta,Both,All ages,Eating disorders,Rate,2021,78.49519539,120.060368,48.2230372
DALYs (Disability-Adjusted Life Years),Republic of Malta,Both,All ages,Autism spectrum disorders,Rate,2021,155.1522091,217.6896536,104.4210062
DALYs (Disability-Adjusted Life Years),Republic of Malta,Both,All ages,Attention-deficit/hyperactivity disorder,Rate,2021,10.4579571,17.01700734,5.654660278
DALYs (Disability-Adjusted Life Years),Republic of Malta,Both,All ages,Conduct disorder,Rate,2021,43.87188936,69.2127906,23.88759029
DALYs (Disability-Adjusted Life Years),Republic of Malta,Both,All ages,Idiopathic developmental intellectual disability,Rate,2021,11.63016421,23.44340866,2.500446206
DALYs (Disability-Adjusted Life Years),Republic of Malta,Both,All ages,Other mental disorders,Rate,2021,154.9254773,226.2850626,100.1888924
DALYs (Disability-Adjusted Life Years),Principality of Andorra,Both,All ages,Depressive disorders,Rate,2021,926.0633902,1351.903974,586.0600958
DALYs (Disability-Adjusted Life Years),Principality of Andorra,Both,All ages,Bipolar disorder,Rate,2021,210.8376211,307.0610182,132.3827862
DALYs (Disability-Adjusted Life Years),Principality of Andorra,Both,All ages,Anxiety disorders,Rate,2021,813.7906385,1189.0272,524.7418424
DALYs (Disability-Adjusted Life Years),Principality of Andorra,Both,All ages,Eating disorders,Rate,2021,96.55562024,145.4564111,59.08350219
DALYs (Disability-Adjusted Life Years),Principality of Andorra,Both,All ages,Autism spectrum disorders,Rate,2021,160.5619308,224.1987436,110.4150813
DALYs (Disability-Adjusted Life Years),Republic of Poland,Both,All ages,Schizophrenia,Rate,2021,175.4405309,224.2517832,128.9417938
DALYs (Disability-Adjusted Life Years),Republic of Moldova,Both,All ages,Bipolar disorder,Rate,2021,119.276001,176.6111477,72.84321098
DALYs (Disability-Adjusted Life Years),Republic of Austria,Both,All ages,Schizophrenia,Rate,2021,207.6041234,276.3925316,147.4166684
DALYs (Disability-Adjusted Life Years),United Kingdom of Great Britain and Northern Ireland,Both,All ages,Bipolar disorder,Rate,2021,223.6914547,321.4162439,147.8588747
DALYs (Disability-Adjusted Life Years),United Kingdom of Great Britain and Northern Ireland,Both,All ages,Anxiety disorders,Rate,2021,674.7289317,923.1792956,466.7223171
DALYs (Disability-Adjusted Life Years),United Kingdom of Great Britain and Northern Ireland,Both,All ages,Eating disorders,Rate,2021,86.9221138,133.8437444,52.8765994
DALYs (Disability-Adjusted Life Years),Republic of Moldova,Both,All ages,Anxiety disorders,Rate,2021,623.1721576,919.330435,392.9424312
DALYs (Disability-Adjusted Life Years),Republic of Moldova,Both,All ages,Eating disorders,Rate,2021,28.55193843,43.46272355,17.64652239
DALYs (Disability-Adjusted Life Years),Republic of Moldova,Both,All ages,Autism spectrum disorders,Rate,2021,162.4120813,229.6339553,110.0355943
DALYs (Disability-Adjusted Life Years),Republic of Moldova,Both,All ages,Attention-deficit/hyperactivity disorder,Rate,2021,9.292791761,14.85126682,4.992796887
DALYs (Disability-Adjusted Life Years),Republic of Moldova,Both,All ages,Conduct disorder,Rate,2021,40.81445543,63.59304402,21.7174266
DALYs (Disability-Adjusted Life Years),Republic of Moldova,Both,All ages,Idiopathic developmental intellectual disability,Rate,2021,24.3970186,47.74440409,7.393299081
DALYs (Disability-Adjusted Life Years),Republic of Moldova,Both,All ages,Other mental disorders,Rate,2021,142.5848692,213.3646744,91.3067445
DALYs (Disability-Adjusted Life Years),State of Israel,Both,All ages,Depressive disorders,Rate,2021,904.4259629,1322.85031,584.6032335
DALYs (Disability-Adjusted Life Years),State of Israel,Both,All ages,Bipolar disorder,Rate,2021,205.7329878,300.6711947,123.88133
DALYs (Disability-Adjusted Life Years),State of Israel,Both,All ages,Anxiety disorders,Rate,2021,524.9878375,787.6816665,318.6487674
DALYs (Disability-Adjusted Life Years),State of Israel,Both,All ages,Eating disorders,Rate,2021,76.36241639,115.6975099,46.21508376
DALYs (Disability-Adjusted Life Years),State of Israel,Both,All ages,Autism spectrum disorders,Rate,2021,147.0096305,206.8882071,100.6077624
DALYs (Disability-Adjusted Life Years),State of Israel,Both,All ages,Attention-deficit/hyperactivity disorder,Rate,2021,16.56933559,27.26517634,8.883752357
DALYs (Disability-Adjusted Life Years),State of Israel,Both,All ages,Conduct disorder,Rate,2021,79.44530645,125.6496968,42.89271959
DALYs (Disability-Adjusted Life Years),State of Israel,Both,All ages,Idiopathic developmental intellectual disability,Rate,2021,15.44747187,29.99427179,4.247232662
DALYs (Disability-Adjusted Life Years),State of Israel,Both,All ages,Other mental disorders,Rate,2021,122.9784747,181.7116841,79.13761269
DALYs (Disability-Adjusted Life Years),Montenegro,Both,All ages,Schizophrenia,Rate,2021,163.9940652,220.2493327,115.1922115
DALYs (Disability-Adjusted Life Years),Montenegro,Both,All ages,Depressive disorders,Rate,2021,705.2960786,1028.428712,470.0619729
DALYs (Disability-Adjusted Life Years),Montenegro,Both,All ages,Bipolar disorder,Rate,2021,116.7473406,171.5280454,70.29793007
DALYs (Disability-Adjusted Life Years),Montenegro,Both,All ages,Anxiety disorders,Rate,2021,600.1913344,887.4407194,369.9038566
DALYs (Disability-Adjusted Life Years),Russian Federation,Both,All ages,Schizophrenia,Rate,2021,155.4947085,198.692375,114.2338409
DALYs (Disability-Adjusted Life Years),Russian Federation,Both,All ages,Depressive disorders,Rate,2021,788.8331597,1086.660514,543.8520418
DALYs (Disability-Adjusted Life Years),Russian Federation,Both,All ages,Bipolar disorder,Rate,2021,114.2582408,162.629325,74.21420532
DALYs (Disability-Adjusted Life Years),Russian Federation,Both,All ages,Anxiety disorders,Rate,2021,543.6388458,732.1534825,376.6558821
DALYs (Disability-Adjusted Life Years),Russian Federation,Both,All ages,Eating disorders,Rate,2021,38.01335073,58.85513068,23.5732512
DALYs (Disability-Adjusted Life Years),Russian Federation,Both,All ages,Autism spectrum disorders,Rate,2021,163.8408639,229.247558,113.0690104
DALYs (Disability-Adjusted Life Years),Russian Federation,Both,All ages,Attention-deficit/hyperactivity disorder,Rate,2021,9.782152047,15.93205549,5.27356577
DALYs (Disability-Adjusted Life Years),Montenegro,Both,All ages,Eating disorders,Rate,2021,34.42453764,52.84260311,20.81583416
DALYs (Disability-Adjusted Life Years),Montenegro,Both,All ages,Autism spectrum disorders,Rate,2021,175.9321564,248.6976244,122.956965
DALYs (Disability-Adjusted Life Years),Montenegro,Both,All ages,Attention-deficit/hyperactivity disorder,Rate,2021,9.993664928,15.97363641,5.269637129
DALYs (Disability-Adjusted Life Years),Montenegro,Both,All ages,Conduct disorder,Rate,2021,49.79547339,77.64651943,27.2478166
DALYs (Disability-Adjusted Life Years),Kingdom of Belgium,Both,All ages,Schizophrenia,Rate,2021,196.3958627,258.3727681,133.0542416
DALYs (Disability-Adjusted Life Years),Kingdom of Belgium,Both,All ages,Depressive disorders,Rate,2021,837.1290802,1174.880934,550.6841442
DALYs (Disability-Adjusted Life Years),Romania,Both,All ages,Schizophrenia,Rate,2021,166.7430279,225.5131041,116.9667102
DALYs (Disability-Adjusted Life Years),Romania,Both,All ages,Depressive disorders,Rate,2021,674.6840129,967.2089502,458.943781
DALYs (Disability-Adjusted Life Years),Romania,Both,All ages,Bipolar disorder,Rate,2021,144.049222,210.557652,90.97366465
DALYs (Disability-Adjusted Life Years),Republic of Italy,Both,All ages,Autism spectrum disorders,Rate,2021,168.9245949,237.137403,116.849112
DALYs (Disability-Adjusted Life Years),Republic of Italy,Both,All ages,Attention-deficit/hyperactivity disorder,Rate,2021,8.636062884,14.30738474,4.573822464
DALYs (Disability-Adjusted Life Years),Republic of Italy,Both,All ages,Conduct disorder,Rate,2021,46.17781448,70.55210051,25.64018156
DALYs (Disability-Adjusted Life Years),Republic of Italy,Both,All ages,Idiopathic developmental intellectual disability,Rate,2021,12.09316334,23.91765301,3.345825482
DALYs (Disability-Adjusted Life Years),Republic of Italy,Both,All ages,Other mental disorders,Rate,2021,150.4731488,224.5076973,97.41631256
DALYs (Disability-Adjusted Life Years),Republic of Serbia,Both,All ages,Schizophrenia,Rate,2021,167.5520465,226.4439843,118.1372561
DALYs (Disability-Adjusted Life Years),Republic of Serbia,Both,All ages,Depressive disorders,Rate,2021,705.4253665,1008.11823,466.9498753
DALYs (Disability-Adjusted Life Years),Republic of Serbia,Both,All ages,Bipolar disorder,Rate,2021,119.2319356,174.0275646,74.08764986
DALYs (Disability-Adjusted Life Years),Republic of Serbia,Both,All ages,Anxiety disorders,Rate,2021,542.6084082,818.3970563,334.1692381
DALYs (Disability-Adjusted Life Years),Republic of Serbia,Both,All ages,Eating disorders,Rate,2021,33.26244869,51.81505439,20.47316749
DALYs (Disability-Adjusted Life Years),Republic of Serbia,Both,All ages,Autism spectrum disorders,Rate,2021,171.0212688,239.2928836,117.5360069
DALYs (Disability-Adjusted Life Years),Republic of Serbia,Both,All ages,Attention-deficit/hyperactivity disorder,Rate,2021,9.636256716,15.49171535,5.137023952
DALYs (Disability-Adjusted Life Years),Republic of Serbia,Both,All ages,Conduct disorder,Rate,2021,47.20692065,76.14613223,25.82320455
DALYs (Disability-Adjusted Life Years),Kingdom of Belgium,Both,All ages,Bipolar disorder,Rate,2021,195.7292862,288.9948653,122.8561482
DALYs (Disability-Adjusted Life Years),Kingdom of Belgium,Both,All ages,Anxiety disorders,Rate,2021,725.3188152,1070.045833,461.641578
DALYs (Disability-Adjusted Life Years),Kingdom of Belgium,Both,All ages,Eating disorders,Rate,2021,82.65898435,123.7014752,50.97610261
DALYs (Disability-Adjusted Life Years),Kingdom of Belgium,Both,All ages,Autism spectrum disorders,Rate,2021,154.1912598,216.4374755,105.2251522
DALYs (Disability-Adjusted Life Years),Kingdom of Belgium,Both,All ages,Attention-deficit/hyperactivity disorder,Rate,2021,11.46735849,18.90601861,6.117744877
DALYs (Disability-Adjusted Life Years),Kingdom of Belgium,Both,All ages,Conduct disorder,Rate,2021,53.53702686,85.20753496,28.64257645
DALYs (Disability-Adjusted Life Years),Kingdom of Belgium,Both,All ages,Idiopathic developmental intellectual disability,Rate,2021,11.60145314,23.45431139,2.816378605
DALYs (Disability-Adjusted Life Years),Kingdom of Belgium,Both,All ages,Other mental disorders,Rate,2021,147.7230185,218.4697203,95.91315684
DALYs (Disability-Adjusted Life Years),Republic of Cyprus,Both,All ages,Schizophrenia,Rate,2021,213.2920081,285.2458763,148.6714703
DALYs (Disability-Adjusted Life Years),Republic of Cyprus,Both,All ages,Depressive disorders,Rate,2021,707.8656308,1025.715582,449.9672972
DALYs (Disability-Adjusted Life Years),Republic of Cyprus,Both,All ages,Bipolar disorder,Rate,2021,203.5572825,294.4881416,127.9883981
DALYs (Disability-Adjusted Life Years),Republic of Cyprus,Both,All ages,Anxiety disorders,Rate,2021,857.8327974,1254.486373,542.3145729
DALYs (Disability-Adjusted Life Years),Republic of Cyprus,Both,All ages,Eating disorders,Rate,2021,88.91496038,133.461638,54.60355275
DALYs (Disability-Adjusted Life Years),Republic of San Marino,Both,All ages,Schizophrenia,Rate,2021,208.7911812,280.0644284,146.3903103
DALYs (Disability-Adjusted Life Years),Republic of San Marino,Both,All ages,Depressive disorders,Rate,2021,1052.764355,1644.133492,668.1904686
DALYs (Disability-Adjusted Life Years),Republic of San Marino,Both,All ages,Bipolar disorder,Rate,2021,204.8912036,297.4331032,128.7605344
DALYs (Disability-Adjusted Life Years),Romania,Both,All ages,Anxiety disorders,Rate,2021,540.0254897,811.3216747,336.812191
DALYs (Disability-Adjusted Life Years),Romania,Both,All ages,Eating disorders,Rate,2021,31.92954487,49.38135247,19.29651076
DALYs (Disability-Adjusted Life Years),Romania,Both,All ages,Autism spectrum disorders,Rate,2021,164.0427626,228.0265177,112.6887435
DALYs (Disability-Adjusted Life Years),Romania,Both,All ages,Attention-deficit/hyperactivity disorder,Rate,2021,9.006591608,14.37919973,4.787432897
DALYs (Disability-Adjusted Life Years),Romania,Both,All ages,Conduct disorder,Rate,2021,44.53646226,70.63494898,23.85799104
DALYs (Disability-Adjusted Life Years),Romania,Both,All ages,Idiopathic developmental intellectual disability,Rate,2021,12.38758967,26.26143637,2.227142978
DALYs (Disability-Adjusted Life Years),Romania,Both,All ages,Other mental disorders,Rate,2021,141.8697805,206.5342183,90.89135372
DALYs (Disability-Adjusted Life Years),Republic of Malta,Both,All ages,Schizophrenia,Rate,2021,206.3655946,277.3520266,145.9310303
DALYs (Disability-Adjusted Life Years),Republic of San Marino,Both,All ages,Anxiety disorders,Rate,2021,820.8148694,1219.656679,518.853392
DALYs (Disability-Adjusted Life Years),Republic of San Marino,Both,All ages,Eating disorders,Rate,2021,81.23346749,123.7955523,49.89100496
DALYs (Disability-Adjusted Life Years),Republic of San Marino,Both,All ages,Autism spectrum disorders,Rate,2021,152.3255226,212.5020301,105.4074187
DALYs (Disability-Adjusted Life Years),Republic of San Marino,Both,All ages,Attention-deficit/hyperactivity disorder,Rate,2021,10.56588469,17.40245057,5.764722938
DALYs (Disability-Adjusted Life Years),Republic of San Marino,Both,All ages,Conduct disorder,Rate,2021,48.9587559,77.55763028,26.44452816
DALYs (Disability-Adjusted Life Years),Republic of San Marino,Both,All ages,Idiopathic developmental intellectual disability,Rate,2021,10.11688277,20.18493247,2.304950951
DALYs (Disability-Adjusted Life Years),Grand Duchy of Luxembourg,Both,All ages,Schizophrenia,Rate,2021,216.2093522,291.3720501,151.8094717
DALYs (Disability-Adjusted Life Years),Kingdom of the Netherlands,Both,All ages,Schizophrenia,Rate,2021,274.9955425,356.5012215,201.2960887
DALYs (Disability-Adjusted Life Years),Kingdom of the Netherlands,Both,All ages,Depressive disorders,Rate,2021,861.7920699,1245.484734,559.9727318
DALYs (Disability-Adjusted Life Years),Kingdom of the Netherlands,Both,All ages,Bipolar disorder,Rate,2021,185.038219,260.07762,122.667226
DALYs (Disability-Adjusted Life Years),Kingdom of the Netherlands,Both,All ages,Anxiety disorders,Rate,2021,950.9040326,1391.857611,590.5028696
DALYs (Disability-Adjusted Life Years),Kingdom of the Netherlands,Both,All ages,Eating disorders,Rate,2021,71.56849753,106.5572414,44.81786657
